scientificName,longitude,latitude,pr_ab,dnw,dsm,lst,ndvi,.part
"Gyps africanus Salvadori, 1865",31.538954,-25.005279,1,1.669224262,350.3276062,306.5363159,142.7930908,4
"Gyps africanus Salvadori, 1865",31.884359,-25.34958,1,1.000293851,201.9380188,313.3289185,81.62438202,5
"Gyps africanus Salvadori, 1865",31.307559,-22.426246,1,1.143335938,210.6567383,308.5591125,104.0120392,1
"Gyps africanus Salvadori, 1865",31.441725,-25.418164,1,0.247376651,374.4026184,306.6590576,134.6118774,2
"Gyps africanus Salvadori, 1865",31.628717,-23.837206,1,0,231.2374725,306.6409302,116.411644,4
"Gyps africanus Salvadori, 1865",31.795143,-24.620137,1,0.674663484,306.4947205,309.6188965,104.2095413,2
"Gyps africanus Salvadori, 1865",31.880039,-25.328539,1,0,192.2578888,309.6269836,96.64366913,4
"Gyps africanus Salvadori, 1865",31.756299,-24.333919,1,2.495425463,299.8686829,302.2195129,82.87018585,3
"Gyps africanus Salvadori, 1865",31.491624,-25.429488,1,0.989506602,353.6846008,310.0161743,121.8157883,5
"Gyps africanus Salvadori, 1865",31.582964,-24.982985,1,0.667752326,290.0151367,306.7904968,127.7588959,2
"Gyps africanus Salvadori, 1865",31.604771,-24.982428,1,0.494753301,296.6742554,306.8367615,134.187149,3
"Gyps africanus Salvadori, 1865",31.434696,-23.108103,1,0.672207057,285.7615051,309.3841553,99.84634399,2
"Gyps africanus Salvadori, 1865",31.624583,-24.957917,1,1.335613489,297.7269897,306.8099365,131.679657,3
"Gyps africanus Salvadori, 1865",31.54125,-25.374583,1,1.484259844,339.714386,309.0458984,97.75445557,1
"Gyps africanus Salvadori, 1865",31.79125,-25.29125,1,1.82509923,264.9072266,307.2723083,132.0602875,3
"Gyps africanus Salvadori, 1865",31.707917,-23.957917,1,2.607081175,257.6812439,305.6599426,132.6417542,2
"Gyps africanus Salvadori, 1865",31.707917,-25.124583,1,1.668555737,300.1613464,303.7886658,143.0252686,4
"Gyps africanus Salvadori, 1865",31.874583,-25.04125,1,0.448244542,237.6018372,306.7557678,135.7060242,2
"Gyps africanus Salvadori, 1865",31.707917,-24.957917,1,0.224276364,248.7843323,305.4263611,134.19104,5
"Gyps africanus Salvadori, 1865",31.874583,-25.207917,1,2.802776337,252.2407227,304.0696411,135.1261292,4
"Gyps africanus Salvadori, 1865",31.874583,-25.124583,1,2.237628937,212.7141113,306.3600464,129.2490234,1
"Gyps africanus Salvadori, 1865",31.874583,-25.29125,1,1.118326545,231.2737122,307.5841064,102.017128,3
"Gyps africanus Salvadori, 1865",31.207917,-22.457917,1,2.02107811,293.6137695,309.4399719,120.4482193,3
"Gyps africanus Salvadori, 1865",31.29125,-22.957917,1,0.455565155,326.937439,305.3450623,121.158577,1
"Gyps africanus Salvadori, 1865",31.29125,-22.457917,1,0.457231849,238.7764587,311.2260742,101.6222839,1
"Gyps africanus Salvadori, 1865",31.207917,-22.374583,1,0.67386657,223.9853516,305.6650085,128.0475006,5
"Gyps africanus Salvadori, 1865",31.29125,-25.04125,1,0.667605221,463.7887268,310.1860046,144.6742401,4
"Gyps africanus Salvadori, 1865",31.29125,-23.79125,1,2.50545764,343.0569763,306.6061096,119.7799988,5
"Gyps africanus Salvadori, 1865",31.54125,-25.124583,1,1.334795356,377.4967346,307.598877,127.98806,5
"Gyps africanus Salvadori, 1865",31.874583,-24.874583,1,2.730384111,316.7228394,307.1539917,135.7176361,1
"Gyps africanus Salvadori, 1865",31.624583,-24.457917,1,2.818615675,409.042511,306.5197144,103.5741272,4
"Gyps africanus Salvadori, 1865",31.457917,-25.457917,1,2.999739408,459.6493225,309.1303406,131.2645264,2
"Gyps africanus Salvadori, 1865",31.957917,-25.124583,1,1.431990266,196.9314728,308.3191223,122.2484055,5
"Gyps africanus Salvadori, 1865",31.707917,-25.374583,1,0.223509312,246.7143555,307.6022949,119.3743362,1
"Gyps africanus Salvadori, 1865",31.707917,-24.124583,1,0.669834018,260.9302673,306.9051819,118.9438019,4
"Gyps africanus Salvadori, 1865",31.79125,-24.374583,1,0.901301801,285.4151917,306.4336243,106.0891876,2
"Gyps africanus Salvadori, 1865",31.874583,-25.374583,1,0.223509312,176.8465424,308.7565918,112.5927353,1
"Gyps africanus Salvadori, 1865",31.207917,-25.124583,1,1.001125216,562.2542725,304.4708252,144.9928589,3
"Gyps africanus Salvadori, 1865",31.79125,-24.874583,1,3.815240622,349.7783508,306.1989136,143.2264099,4
"Gyps africanus Salvadori, 1865",31.874583,-24.79125,1,0.224579036,259.0271606,309.180481,110.1488953,2
"Gyps africanus Salvadori, 1865",31.04125,-22.707917,1,0.494753301,445.7491455,304.8560486,135.2857056,5
"Gyps africanus Salvadori, 1865",31.54125,-23.79125,1,0.494753301,261.7123108,306.1383667,120.6376648,5
"Gyps africanus Salvadori, 1865",31.374583,-23.04125,1,0.494753301,294.8267822,309.0971985,110.8840942,3
"Gyps africanus Salvadori, 1865",31.457917,-23.457917,1,1.961241245,370.2238464,307.0962219,104.6698837,3
"Gyps africanus Salvadori, 1865",31.624583,-23.874583,1,0.670413077,257.4502258,306.1063843,108.4319611,1
"Gyps africanus Salvadori, 1865",31.54125,-23.707917,1,0.452996224,295.9179382,306.7920837,138.0683746,3
"Gyps africanus Salvadori, 1865",31.374583,-25.04125,1,2.271057367,432.5586548,308.0861816,140.6702576,2
"Gyps africanus Salvadori, 1865",31.457917,-25.04125,1,0.494753301,379.4980164,306.395752,134.2781677,4
"Gyps africanus Salvadori, 1865",31.54125,-23.874583,1,1.170228362,279.6743164,308.4958496,114.7478943,1
"Gyps africanus Salvadori, 1865",31.810708,-24.756288,1,1.731636524,304.3983765,308.0408936,120.7705154,4
"Gyps africanus Salvadori, 1865",31.55701,-23.865829,1,0.22622335,254.3923035,307.2853394,119.870079,3
"Gyps africanus Salvadori, 1865",31.514614,-25.3565,1,0.247376651,331.7124023,309.0123901,130.797699,2
"Gyps africanus Salvadori, 1865",31.514894,-25.355806,1,0.247376651,331.7124023,309.0123901,130.797699,4
"Gyps africanus Salvadori, 1865",31.514733,-25.356347,1,0.247376651,331.7124023,309.0123901,130.797699,3
"Gyps africanus Salvadori, 1865",31.669661,-24.013956,1,0.494753301,234.4236603,306.3660889,111.1195297,1
"Gyps africanus Salvadori, 1865",31.518533,-25.313293,1,3.356044054,406.4641113,308.6352844,134.3301392,4
"Gyps africanus Salvadori, 1865",31.482593,-25.421317,1,1.333322525,356.9748535,308.7102661,136.6345367,3
"Gyps africanus Salvadori, 1865",31.675741,-25.391147,1,2.354864359,269.6152954,306.5202332,120.9009094,3
"Gyps africanus Salvadori, 1865",31.6083,-25.383963,1,0.446985722,281.3551636,305.7988586,105.5917969,5
"Gyps africanus Salvadori, 1865",31.746794,-25.316332,1,0.223620206,218.4025574,310.2739258,114.9477463,5
"Gyps africanus Salvadori, 1865",31.771956,-25.2883,1,0,221.0341187,306.4459534,133.3227386,3
"Gyps africanus Salvadori, 1865",31.839094,-25.070851,1,0.51188606,198.9429779,305.4155273,126.7632523,5
"Gyps africanus Salvadori, 1865",31.836794,-25.070101,1,0.716287315,198.9362335,305.643158,127.6159744,1
"Gyps africanus Salvadori, 1865",31.547361,-25.072009,1,1.023779273,376.3421326,308.4416809,129.9580536,2
"Gyps africanus Salvadori, 1865",31.626489,-24.971833,1,0,272.7929077,307.07901,119.7727737,1
"Gyps africanus Salvadori, 1865",31.628169,-24.968168,1,0.247376651,265.3504639,307.3457336,120.0661697,2
"Gyps africanus Salvadori, 1865",31.91567,-24.381461,1,0.669207335,212.3274841,306.8302917,110.3894272,5
"Gyps africanus Salvadori, 1865",31.915498,-24.380249,1,0.868227005,215.3230743,306.8460083,111.0522385,3
"Gyps africanus Salvadori, 1865",31.759108,-24.355134,1,3.463273048,311.953064,303.7218628,73.94933319,5
"Gyps africanus Salvadori, 1865",31.692096,-24.057957,1,0.494753301,215.0853271,308.1453857,106.3200455,5
"Gyps africanus Salvadori, 1865",31.686017,-24.058886,1,0.225888237,214.2890015,306.3175659,96.72718811,5
"Gyps africanus Salvadori, 1865",31.55474,-23.988385,1,1.54581666,315.4401245,304.9248657,123.2429428,4
"Gyps africanus Salvadori, 1865",31.031997,-22.68422,1,2.23805666,470.8773499,307.3919373,136.8571625,5
"Gyps africanus Salvadori, 1865",31.032074,-22.690634,1,1.501702666,457.6103516,306.1986389,135.8920441,1
"Gyps africanus Salvadori, 1865",31.016437,-22.691686,1,2.352949381,496.9847412,305.3151855,149.1853485,4
"Gyps africanus Salvadori, 1865",31.014559,-22.692851,1,2.397618532,473.3822327,304.9750366,149.6936188,5
"Gyps africanus Salvadori, 1865",31.015654,-22.691815,1,2.352949381,496.9847412,305.3151855,149.1853485,1
"Gyps africanus Salvadori, 1865",31.01781,-22.693072,1,2.02037859,464.3623352,305.3128052,145.6725769,3
"Gyps africanus Salvadori, 1865",31.23496,-22.426032,1,1.484259844,216.7720642,307.894165,98.18753052,4
"Gyps africanus Salvadori, 1865",31.247646,-22.420334,1,0.742129922,217.2165985,310.1753845,109.5049438,2
"Gyps africanus Salvadori, 1865",31.016819,-22.700192,1,1.891535878,464.7224426,304.4516907,145.1506195,5
"Gyps africanus Salvadori, 1865",31.374208,-23.324486,1,0.742129922,387.4613953,309.2553711,101.2838287,5
"Gyps africanus Salvadori, 1865",31.310963,-23.000735,1,0.227711409,308.6872253,308.7540588,110.7253723,4
"Gyps africanus Salvadori, 1865",31.4972,-24.9887,1,1.407974124,331.8629456,306.5716248,140.1730347,5
"Gyps africanus Salvadori, 1865",31.4927,-24.9862,1,1.001632571,334.9566956,306.9658813,130.7313995,4
"Gyps africanus Salvadori, 1865",31.214,-22.4406,1,0.228645235,230.8760223,308.5657959,113.0016861,5
"Gyps africanus Salvadori, 1865",31.589127,-25.045528,1,1.49491024,352.1665955,307.0717773,128.3474884,3
"Gyps africanus Salvadori, 1865",31.944735,-25.290931,1,2.02893281,221.7752075,307.7225342,96.68593597,5
"Gyps africanus Salvadori, 1865",31.54125,-23.29125,1,1.136086822,295.7998962,305.0946045,132.4787903,5
"Gyps africanus Salvadori, 1865",31.624583,-25.374583,1,1.429386377,308.2951965,305.9031372,118.6752014,5
"Gyps africanus Salvadori, 1865",31.79125,-24.29125,1,0.669425726,272.0715332,308.2018433,94.66252136,4
"Gyps africanus Salvadori, 1865",31.707917,-24.29125,1,3.666286707,321.2416992,308.1232605,80.26507568,3
"Gyps africanus Salvadori, 1865",31.54125,-25.04125,1,0.224122271,344.3437805,308.4945984,133.5161591,3
"Gyps africanus Salvadori, 1865",31.79125,-24.124583,1,0.669834018,283.6109924,308.2654114,113.9196854,5
"Gyps africanus Salvadori, 1865",31.29125,-22.874583,1,1.843868494,367.9750366,304.0658264,151.2027588,3
"Gyps africanus Salvadori, 1865",31.874583,-24.374583,1,1.236883283,235.2636871,304.474884,103.3235474,4
"Gyps africanus Salvadori, 1865",31.79125,-24.707917,1,0,292.9446411,306.6143494,130.7598572,2
"Gyps africanus Salvadori, 1865",31.457917,-23.624583,1,0.494753301,303.1096191,306.3658142,141.2325134,1
"Gyps africanus Salvadori, 1865",31.79125,-24.624583,1,0.449759662,311.3266296,309.9530029,106.0888367,1
"Gyps africanus Salvadori, 1865",31.457917,-23.54125,1,1.360718966,337.915802,305.1309204,143.5679932,5
"Gyps africanus Salvadori, 1865",31.29125,-23.207917,1,2.105213881,355.0224304,308.3590698,98.87684631,1
"Gyps africanus Salvadori, 1865",31.207917,-22.624583,1,4.561513424,455.4827881,307.4214172,107.8212967,5
"Gyps africanus Salvadori, 1865",31.374583,-23.124583,1,0.455001861,297.3939819,309.0341492,94.08568573,2
"Gyps africanus Salvadori, 1865",31.29125,-23.29125,1,1.955685377,413.5387268,306.3638916,103.6263351,2
"Gyps africanus Salvadori, 1865",31.29125,-23.374583,1,0,395.2756958,306.2732544,115.4677277,3
"Gyps africanus Salvadori, 1865",31.957917,-25.207917,1,0,197.3768463,306.9089661,98.76115417,2
"Gyps africanus Salvadori, 1865",31.124583,-22.624583,1,1.176870584,395.7511292,308.1535645,111.4955368,5
"Gyps africanus Salvadori, 1865",31.124583,-22.457917,1,1.236883283,320.7136841,309.395813,124.1756516,2
"Gyps africanus Salvadori, 1865",31.551418,-25.066984,1,1.344465494,379.4476318,307.95755,128.765564,2
"Gyps africanus Salvadori, 1865",31.756403,-24.972898,1,0.247376651,236.7923737,303.682312,126.2845993,4
"Gyps africanus Salvadori, 1865",31.931859,-25.21166,1,1.493826389,221.0009003,310.3533936,95.01706696,4
"Gyps africanus Salvadori, 1865",31.748223,-24.966934,1,0.494753301,241.1437683,303.9194031,137.508316,1
"Gyps africanus Salvadori, 1865",31.532654,-25.021373,1,0.247376651,321.9941101,307.7313232,134.1286316,4
"Gyps africanus Salvadori, 1865",31.680867,-24.940972,1,0.775286078,268.1847229,307.5478516,138.8716736,5
"Gyps africanus Salvadori, 1865",31.690269,-24.09006,1,1.873126268,266.7503357,306.922821,123.9249496,2
"Gyps africanus Salvadori, 1865",31.016165,-22.700929,1,1.891535878,464.7224426,304.4516907,145.1506195,4
"Gyps africanus Salvadori, 1865",31.5468,-25.093672,1,3.100855827,397.475708,307.464447,129.6991882,2
"Gyps africanus Salvadori, 1865",31.174796,-22.617747,1,2.353706598,435.5323181,310.2394409,98.15625763,4
"Gyps africanus Salvadori, 1865",31.219266,-22.422561,1,0.673762321,217.2498932,309.2867126,100.4070892,1
"Gyps africanus Salvadori, 1865",31.740146,-24.39686,1,2.027572393,311.8785706,309.1411743,83.52946472,1
"Gyps africanus Salvadori, 1865",31.268598,-25.170194,1,4.229166985,602.7000122,303.9559326,146.8214111,4
"Gyps africanus Salvadori, 1865",31.619957,-24.386791,1,3.460195303,409.3981323,304.467865,79.6206665,2
"Gyps africanus Salvadori, 1865",31.637106,-24.983117,1,0.247376651,266.993866,304.6396484,132.6895447,2
"Gyps africanus Salvadori, 1865",31.687262,-24.050926,1,0.839072168,231.7194061,306.9204712,110.3924026,3
"Gyps africanus Salvadori, 1865",31.8705,-24.755122,1,0.334154069,266.6874084,308.9899902,121.700325,3
"Gyps africanus Salvadori, 1865",31.716682,-24.954424,1,0,245.621933,305.3744812,136.2705536,2
"Gyps africanus Salvadori, 1865",31.616405,-24.424364,1,2.47762084,398.9355774,307.6443481,98.28729248,5
"Gyps africanus Salvadori, 1865",31.23621,-23.935317,1,0.226102844,385.4301147,304.9526672,120.41259,3
"Gyps africanus Salvadori, 1865",31.931841,-25.211668,1,1.493826389,221.0009003,310.3533936,95.01706696,3
"Gyps africanus Salvadori, 1865",31.809038,-24.83692,1,2.518557072,318.6510925,306.6190186,126.579895,3
"Gyps africanus Salvadori, 1865",31.544005,-25.112489,1,2.325572968,373.1384583,309.3587036,132.1569672,3
"Gyps africanus Salvadori, 1865",31.716147,-24.953325,1,0,245.621933,305.3744812,136.2705536,5
"Gyps africanus Salvadori, 1865",31.717309,-24.955708,1,0.247376651,243.6426849,305.4176636,132.032135,5
"Gyps africanus Salvadori, 1865",31.790736,-24.60308,1,1.991751671,325.3614807,306.4040222,111.5969925,1
"Gyps africanus Salvadori, 1865",31.592441,-24.992414,1,0.742129922,287.9657593,306.1288452,131.3058777,3
"Gyps africanus Salvadori, 1865",31.950438,-25.189409,1,1.526949048,211.8502655,306.7268372,105.9621887,5
"Gyps africanus Salvadori, 1865",31.544035,-25.112265,1,2.325572968,373.1384583,309.3587036,132.1569672,1
"Gyps africanus Salvadori, 1865",31.716683,-24.954448,1,0.247376651,243.6426849,305.4176636,132.032135,1
"Gyps africanus Salvadori, 1865",31.950714,-25.190059,1,1.334466815,213.4680481,306.8889771,106.4718323,1
"Gyps africanus Salvadori, 1865",31.716395,-24.953789,1,0,245.621933,305.3744812,136.2705536,4
"Gyps africanus Salvadori, 1865",31.779866,-24.39335,1,0.247376651,275.6965637,307.0778809,99.61891937,4
"Gyps africanus Salvadori, 1865",31.610679,-25.299968,1,1.484259844,317.3326416,307.8175354,106.4308395,3
"Gyps africanus Salvadori, 1865",31.883958,-25.34395,1,0.833448589,199.5675659,312.0015259,89.89443207,5
"Gyps africanus Salvadori, 1865",31.219812,-22.928685,1,0.911324739,342.1071472,308.9476624,126.4925079,2
"Gyps africanus Salvadori, 1865",31.607729,-24.393709,1,2.042660713,411.2380981,306.1557312,84.7137146,1
"Gyps africanus Salvadori, 1865",31.616871,-24.428909,1,2.526493549,389.6461487,306.5734253,97.64648438,2
"Gyps africanus Salvadori, 1865",31.604724,-25.309226,1,2.473766565,330.7998352,307.4922791,108.8821945,4
"Gyps africanus Salvadori, 1865",31.738051,-25.336393,1,1.000343442,233.7201691,307.8244324,119.3703995,4
"Gyps africanus Salvadori, 1865",31.581773,-25.347804,1,1.732799649,330.3295898,307.5904541,111.4649963,2
"Gyps africanus Salvadori, 1865",31.737349,-25.33743,1,1.333785653,231.6465302,308.0514526,120.1501694,4
"Gyps africanus Salvadori, 1865",31.737992,-25.336477,1,1.000343442,233.7201691,307.8244324,119.3703995,3
"Gyps africanus Salvadori, 1865",31.528155,-25.464074,1,0.714235306,318.5328064,310.3981628,86.23007202,3
"Gyps africanus Salvadori, 1865",31.612492,-25.297401,1,1.236883283,321.4217224,308.0021973,104.6939774,5
"Gyps africanus Salvadori, 1865",31.528973,-25.463994,1,0.510610104,314.3974609,309.8388367,89.9758606,2
"Gyps africanus Salvadori, 1865",31.265599,-22.424699,1,0.545043886,214.9019318,309.3198242,95.12479401,3
"Gyps africanus Salvadori, 1865",31.881532,-25.348271,1,1.333730578,213.6109772,312.2261047,87.71662903,1
"Gyps africanus Salvadori, 1865",31.378946,-23.618872,1,4.139175415,382.9883423,305.0543823,137.0686951,4
"Gyps africanus Salvadori, 1865",31.584386,-25.336232,1,3.257504225,358.4041138,305.0178833,108.3187103,1
"Gyps africanus Salvadori, 1865",31.73814,-25.336269,1,1.000343442,233.7201691,307.8244324,119.3703995,3
"Gyps africanus Salvadori, 1865",31.398393,-24.477289,1,2.196271181,465.32547,308.7504883,106.4830246,5
"Gyps africanus Salvadori, 1865",31.16564,-23.946021,1,1.8357054,431.2981873,301.2985229,130.893219,4
"Gyps africanus Salvadori, 1865",31.577628,-25.011862,1,0.672537327,312.5176086,307.0737305,129.5411072,2
"Gyps africanus Salvadori, 1865",31.77965,-24.569307,1,4.259747028,337.9088135,304.1783752,111.6205826,1
"Gyps africanus Salvadori, 1865",31.547951,-23.697115,1,0.335416853,301.6347961,305.68573,139.7850342,5
"Gyps africanus Salvadori, 1865",31.827954,-24.440501,1,3.726279259,282.9302979,302.4266052,107.7474289,2
"Gyps africanus Salvadori, 1865",31.481186,-24.986685,1,0.224223703,311.5623169,307.0135193,134.4289703,2
"Gyps africanus Salvadori, 1865",31.833897,-24.721439,1,0.247376651,277.5890198,305.9024963,123.7250977,2
"Gyps africanus Salvadori, 1865",31.827497,-24.831575,1,0.717506707,300.3338318,306.8908691,128.6638336,1
"Gyps africanus Salvadori, 1865",31.678547,-24.944748,1,0.247376651,254.5024414,307.8430481,129.2444305,1
"Gyps africanus Salvadori, 1865",31.790159,-24.599166,1,2.237720728,325.9356995,306.5522461,111.0044632,4
"Gyps africanus Salvadori, 1865",31.713907,-24.956119,1,0.247376651,244.3877563,305.4476624,135.2537842,5
"Gyps africanus Salvadori, 1865",31.55474,-23.968497,1,3.263615608,323.1455994,305.0621338,120.1766205,2
"Gyps africanus Salvadori, 1865",31.285849,-22.428796,1,0.845782995,212.8331604,309.3555603,113.3480301,4
"Gyps africanus Salvadori, 1865",31.716118,-24.953214,1,0,245.621933,305.3744812,136.2705536,3
"Gyps africanus Salvadori, 1865",31.017213,-22.693922,1,2.205259562,468.5050964,305.1943665,148.5088806,1
"Gyps africanus Salvadori, 1865",31.739765,-24.964327,1,0.247376651,243.2175293,304.4901123,149.1547546,1
"Gyps africanus Salvadori, 1865",31.71755,-25.31481,1,0.333469808,227.127655,309.0620117,123.0465393,1
"Gyps africanus Salvadori, 1865",31.715666,-25.312044,1,0.223628402,226.6177521,308.7814941,123.3659363,4
"Gyps africanus Salvadori, 1865",31.713276,-25.309916,1,0.2236325,227.2272034,308.706665,123.1688309,3
"Gyps africanus Salvadori, 1865",31.661217,-24.947224,1,1.121482968,272.4526062,308.7862854,132.9968414,5
"Gyps africanus Salvadori, 1865",31.669899,-24.946198,1,0.2242966,259.237854,308.9277039,125.5443878,5
"Gyps africanus Salvadori, 1865",31.218582,-22.411551,1,0.336889863,223.8419037,310.9352417,105.0369644,3
"Gyps africanus Salvadori, 1865",31.933816,-25.156796,1,0,176.651886,306.385498,103.5249634,3
"Gyps africanus Salvadori, 1865",31.683858,-25.299857,1,0.666980863,262.1719971,307.1408081,111.625824,1
"Gyps africanus Salvadori, 1865",31.513201,-23.910528,1,0.742129922,321.5169067,306.2035217,116.2533875,1
"Gyps africanus Salvadori, 1865",31.792087,-24.605143,1,1.789102674,330.4943848,306.5204773,110.1852112,1
"Gyps africanus Salvadori, 1865",31.243873,-22.423752,1,1.236883283,225.1187897,308.7770081,108.1435318,2
"Gyps africanus Salvadori, 1865",31.244027,-22.423795,1,1.236883283,225.1187897,308.7770081,108.1435318,1
"Gyps africanus Salvadori, 1865",31.243847,-22.423767,1,1.236883283,225.1187897,308.7770081,108.1435318,5
"Gyps africanus Salvadori, 1865",31.307197,-22.426098,1,1.143335938,210.6567383,308.5591125,104.0120392,4
"Gyps africanus Salvadori, 1865",31.17874,-22.627063,1,2.019850254,430.1566467,308.353241,102.810524,3
"Gyps africanus Salvadori, 1865",31.15358,-22.749037,1,0.228132844,387.6177368,306.5553589,132.5172272,2
"Gyps africanus Salvadori, 1865",31.156407,-22.747238,1,0.228136554,391.0014343,306.7862549,133.0882568,1
"Gyps africanus Salvadori, 1865",31.539963,-23.203878,1,0.335992455,254.2603455,307.2548523,114.4091568,2
"Gyps africanus Salvadori, 1865",31.539978,-23.203848,1,0.335992455,254.2603455,307.2548523,114.4091568,4
"Gyps africanus Salvadori, 1865",31.53999,-23.203838,1,0.335992455,254.2603455,307.2548523,114.4091568,4
"Gyps africanus Salvadori, 1865",31.784122,-24.57893,1,3.391603708,347.9513855,304.9048157,110.783844,2
"Gyps africanus Salvadori, 1865",31.617205,-25.162979,1,4.322805882,360.9263916,307.9942932,117.0149612,4
"Gyps africanus Salvadori, 1865",31.917811,-25.120725,1,0.223979935,182.2741241,306.3740845,108.4579391,2
"Gyps africanus Salvadori, 1865",31.918931,-25.124878,1,0.54308933,191.1656799,306.1697083,108.0208664,3
"Gyps africanus Salvadori, 1865",31.100972,-22.568206,1,0.456864476,334.2179565,309.3798218,112.7918854,3
"Gyps africanus Salvadori, 1865",31.514761,-25.414728,1,2.473766565,352.5077209,308.9371338,115.8055191,4
"Gyps africanus Salvadori, 1865",31.728694,-24.389272,1,1.167427778,317.0422974,306.957428,70.11669922,3
"Gyps africanus Salvadori, 1865",31.424586,-23.098618,1,0.247376651,280.3377991,308.100647,99.96864319,1
"Gyps africanus Salvadori, 1865",31.973949,-25.232923,1,1.334302306,213.5837402,305.3748779,94.29620361,1
"Gyps africanus Salvadori, 1865",31.949088,-25.190409,1,1.334466815,213.4680481,306.8889771,106.4718323,1
"Gyps africanus Salvadori, 1865",31.781922,-25.013755,1,0.224175051,226.6289063,305.0134888,124.3570862,1
"Gyps africanus Salvadori, 1865",31.67801,-24.943293,1,0.494753301,260.3880005,308.0452576,134.2332458,2
"Gyps africanus Salvadori, 1865",31.589232,-25.033121,1,1.793108106,342.5367737,307.1019287,136.7544861,4
"Gyps africanus Salvadori, 1865",31.401515,-23.506677,1,0.516757488,352.6538391,305.7417603,137.5309448,2
"Gyps africanus Salvadori, 1865",31.735218,-24.064541,1,1.316806197,208.6463013,306.3234253,117.6914825,2
"Gyps africanus Salvadori, 1865",31.9540958,-25.2225234,0,0.989506602,211.5065155,307.8507385,102.0194626,3
"Gyps africanus Salvadori, 1865",31.69947527,-24.11089047,0,1.377153993,269.6040649,309.5464783,117.6336212,3
"Gyps africanus Salvadori, 1865",31.59837426,-24.0680497,0,0.721355021,244.9248962,305.7524414,109.217247,5
"Gyps africanus Salvadori, 1865",31.50089948,-23.59781079,0,2.946977615,341.7266846,306.56073,149.5190582,5
"Gyps africanus Salvadori, 1865",31.57794333,-24.53668657,0,1.951594234,399.1079712,308.2250671,108.9710159,5
"Gyps africanus Salvadori, 1865",31.23327824,-23.46780213,0,4.743591785,430.7153931,306.1578979,107.2873459,4
"Gyps africanus Salvadori, 1865",31.7102091,-24.20413017,0,2.495941877,309.7385254,307.482666,110.1047821,3
"Gyps africanus Salvadori, 1865",31.58669203,-23.78674004,0,1.868078947,264.759613,307.6140442,128.7861938,2
"Gyps africanus Salvadori, 1865",31.55161013,-23.37789902,0,4.087244511,372.7824097,306.1296387,125.8997345,1
"Gyps africanus Salvadori, 1865",31.68710602,-25.33102253,0,2.171750546,268.2613831,307.223877,127.2460175,3
"Gyps africanus Salvadori, 1865",31.41311766,-25.01932505,0,2.960808992,395.4611816,307.2232666,142.3854523,4
"Gyps africanus Salvadori, 1865",31.34426635,-23.91382564,0,4.968155861,436.0756531,305.1296692,133.4650116,5
"Gyps africanus Salvadori, 1865",31.85308501,-24.68824682,0,3.803821802,307.9731445,303.2564087,126.0036316,2
"Gyps africanus Salvadori, 1865",31.8533741,-25.03154402,0,1.997963428,247.0957794,305.6640015,143.1140594,2
"Gyps africanus Salvadori, 1865",31.47377507,-24.17842582,0,3.696086645,412.5513611,306.3012085,85.66921234,4
"Gyps africanus Salvadori, 1865",31.21969563,-23.53032841,0,3.63734293,402.6651306,309.0112305,108.1597824,2
"Gyps africanus Salvadori, 1865",31.17900667,-22.93106057,0,1.175245285,348.5774841,305.8569031,131.6219788,2
"Gyps africanus Salvadori, 1865",31.46037757,-23.71914555,0,2.565360785,310.7515259,305.996582,126.6371765,4
"Gyps africanus Salvadori, 1865",31.42330568,-25.10307343,0,4.45277977,459.0370789,306.9906006,134.123642,5
"Gyps africanus Salvadori, 1865",31.23656032,-24.00222938,0,0.742129922,357.940033,303.624115,110.2552795,3
"Gyps africanus Salvadori, 1865",31.56796382,-23.75631495,0,2.176428318,289.4491882,306.001709,132.2431335,4
"Gyps africanus Salvadori, 1865",31.46634273,-23.38741656,0,1.882576108,357.9931641,305.9788513,132.3274841,1
"Gyps africanus Salvadori, 1865",31.91392139,-24.97026354,0,0.89700824,291.4677734,307.1145935,135.9499512,2
"Gyps africanus Salvadori, 1865",31.33215049,-24.01480928,0,0.543910027,312.9859314,305.9488831,128.4327698,5
"Gyps africanus Salvadori, 1865",31.85795979,-24.8462963,0,1.346870184,302.7161255,307.9819641,122.7257996,4
"Gyps africanus Salvadori, 1865",31.09214332,-22.95157376,0,4.239462852,423.5525818,303.9423523,136.5356903,1
"Gyps africanus Salvadori, 1865",31.62035948,-24.05223835,0,1.169300556,258.4947815,303.2062378,98.15878296,4
"Gyps africanus Salvadori, 1865",31.29900106,-23.71578051,0,0.247376651,285.4217224,306.0105591,105.9905853,1
"Gyps africanus Salvadori, 1865",31.51007679,-23.56029209,0,3.174581528,343.1443481,305.0395813,142.3170013,5
"Gyps africanus Salvadori, 1865",31.11468679,-22.86196881,0,0.518681943,377.2444458,308.0502319,130.1584778,2
"Gyps africanus Salvadori, 1865",31.07426952,-23.28237024,0,2.271838188,450.7485657,307.4598083,120.1545639,4
"Gyps africanus Salvadori, 1865",31.10362714,-22.59039056,0,0.336688012,376.6073914,306.7914734,112.1213608,4
"Gyps africanus Salvadori, 1865",31.86384504,-24.80226127,0,1.165172815,268.7809753,309.3597412,106.4316788,1
"Gyps africanus Salvadori, 1865",31.68749344,-25.24827437,0,0.247376651,285.3749695,304.6470947,114.3935776,5
"Gyps africanus Salvadori, 1865",31.45304653,-23.19384408,0,1.008000374,305.9241028,307.3739624,119.5479965,1
"Gyps africanus Salvadori, 1865",31.35852412,-23.09497764,0,1.680549502,309.9237976,307.7106628,122.29599,4
"Gyps africanus Salvadori, 1865",31.40037562,-24.08231511,0,1.169143319,301.0241089,305.4024353,99.6741333,2
"Gyps africanus Salvadori, 1865",31.18178386,-23.70682226,0,0.226501971,319.474884,307.5375366,112.7004852,5
"Gyps africanus Salvadori, 1865",31.31215818,-25.11851183,0,2.029087782,516.3928223,309.3521729,137.662323,3
"Gyps africanus Salvadori, 1865",31.121755,-22.9522871,0,3.494333744,395.098053,304.6459351,125.792099,1
"Gyps africanus Salvadori, 1865",31.29547361,-23.80165386,0,1.341161251,352.3285828,305.6122742,126.4826355,3
"Gyps africanus Salvadori, 1865",31.33439171,-23.46875613,0,1.134563923,372.8348389,308.8077393,118.5264053,3
"Gyps africanus Salvadori, 1865",31.89228205,-24.4501796,0,1.484259844,243.30513,306.0518188,110.4770432,5
"Gyps africanus Salvadori, 1865",31.24244061,-24.07148389,0,0.225864753,309.2459106,303.466217,105.1471558,1
"Gyps africanus Salvadori, 1865",31.81515811,-24.96405614,0,3.139698982,289.1525574,306.1022339,149.8513794,5
"Gyps africanus Salvadori, 1865",31.12935963,-22.85991201,0,0.844040096,381.4480591,308.9532166,122.7731705,1
"Gyps africanus Salvadori, 1865",31.2185149,-23.03333286,0,2.540801764,347.928833,306.0856018,124.1940842,5
"Gyps africanus Salvadori, 1865",31.64239254,-25.01356142,0,3.710497379,320.639679,304.6322937,124.8023148,4
"Gyps africanus Salvadori, 1865",31.4872734,-23.60760848,0,1.586726546,320.2111816,307.2805481,140.187561,1
"Gyps africanus Salvadori, 1865",31.87324555,-24.6857997,0,3.497227907,306.6968384,304.5255737,127.9267197,2
"Gyps africanus Salvadori, 1865",31.07551122,-23.00144742,0,1.17487371,392.0236206,306.4612732,132.1740112,4
"Gyps africanus Salvadori, 1865",31.78638188,-24.73455103,0,2.194562435,310.0711365,306.7398376,127.7465439,1
"Gyps africanus Salvadori, 1865",31.24202921,-23.73013648,0,0.226459518,307.9055481,305.8771362,107.9591217,4
"Gyps africanus Salvadori, 1865",31.43259776,-24.21561033,0,2.866909742,401.8830872,304.4145203,85.5642395,4
"Gyps africanus Salvadori, 1865",31.40901834,-23.96291266,0,0.226056099,332.0308838,308.0819397,118.4035187,4
"Gyps africanus Salvadori, 1865",31.50637305,-25.03143569,0,0.224142581,337.2426147,306.1926575,133.1910095,3
"Gyps africanus Salvadori, 1865",31.22960121,-22.82567396,0,0.247376651,369.8074951,311.4257507,103.3788681,1
"Gyps africanus Salvadori, 1865",31.2710857,-23.3914858,0,1.236883283,409.1397095,306.2350464,118.6887283,5
"Gyps africanus Salvadori, 1865",31.07669655,-23.28857845,0,2.28561902,442.4428406,308.1361389,116.8716812,4
"Gyps africanus Salvadori, 1865",31.08433052,-23.5201664,0,0.226824805,353.618988,305.59198,116.6161804,2
"Gyps africanus Salvadori, 1865",31.25402437,-24.01780357,0,0.494753301,347.3565369,304.4351196,123.5432205,1
"Gyps africanus Salvadori, 1865",31.87614526,-25.0987461,0,0,196.5299835,304.0774231,131.1615753,5
"Gyps africanus Salvadori, 1865",31.5174376,-23.42573194,0,2.030421257,355.9591675,305.8293762,108.0137177,1
"Gyps africanus Salvadori, 1865",31.24099378,-25.1063809,0,1.809012413,536.84198,303.937561,134.5007019,2
"Gyps africanus Salvadori, 1865",31.03655211,-22.79764444,0,1.979013205,426.7368164,301.691925,136.8101959,5
"Gyps africanus Salvadori, 1865",31.3818818,-23.99684499,0,2.711924553,352.7699585,304.4058533,129.7838135,3
"Gyps africanus Salvadori, 1865",31.32086774,-23.87057021,0,2.403271437,392.3327026,305.9813232,128.1378021,2
"Gyps africanus Salvadori, 1865",31.64223451,-25.20120729,0,4.860216618,352.9361267,307.5046692,112.1797256,1
"Gyps africanus Salvadori, 1865",31.55028121,-24.41349593,0,1.087245345,385.9373474,305.3734131,101.2175369,5
"Gyps africanus Salvadori, 1865",31.47016716,-24.35224132,0,1.731636524,443.4609985,305.7664795,74.88942719,4
"Gyps africanus Salvadori, 1865",31.29644838,-25.16070631,0,3.587769032,579.7127075,304.7742615,148.8458862,4
"Gyps africanus Salvadori, 1865",31.73771805,-23.95566385,0,0.989506602,218.0535126,306.8536377,122.5002747,2
"Gyps africanus Salvadori, 1865",31.44716916,-23.7282948,0,1.632345319,305.7749634,304.5033875,126.7976532,3
"Gyps africanus Salvadori, 1865",31.80826632,-25.27552393,0,2.908021927,264.7492981,306.7884521,126.6007156,4
"Gyps africanus Salvadori, 1865",31.75399638,-25.25709451,0,0.333538532,264.304718,305.2078552,131.289566,4
"Gyps africanus Salvadori, 1865",31.63144569,-25.11560316,0,0.333713889,342.0136719,306.4440308,125.2706375,2
"Gyps africanus Salvadori, 1865",31.54596119,-23.56047621,0,3.039735556,355.2193604,306.0225525,134.3855438,5
"Gyps africanus Salvadori, 1865",31.84829918,-25.13890737,0,2.158859491,257.0303955,305.3362122,128.0153198,5
"Gyps africanus Salvadori, 1865",31.71852492,-25.15471469,0,3.718465328,328.621582,306.4185486,141.9637146,4
"Gyps africanus Salvadori, 1865",31.19670278,-23.22962551,0,0.671920955,378.5200195,307.2461243,97.24315643,1
"Gyps africanus Salvadori, 1865",31.39199862,-22.89383794,0,0.843922198,352.0060425,305.2410889,110.457634,5
"Gyps africanus Salvadori, 1865",31.45385171,-25.38008521,0,3.854571819,483.1664124,307.1187744,154.227478,3
"Gyps africanus Salvadori, 1865",31.34975051,-23.20863978,0,2.996721983,353.3674316,308.422821,106.3339386,3
"Gyps africanus Salvadori, 1865",31.57001591,-23.81368215,0,0.722616911,246.3201294,305.7779541,105.3069229,4
"Gyps africanus Salvadori, 1865",31.43649144,-25.34078072,0,1.994845748,405.279541,307.2895203,141.541275,4
"Gyps africanus Salvadori, 1865",31.06655738,-22.89996626,0,0.672674298,382.0742493,306.4633484,142.1831512,5
"Gyps africanus Salvadori, 1865",31.66960129,-24.58017531,0,3.143862724,362.0809326,307.0778809,112.3471375,4
"Gyps africanus Salvadori, 1865",31.30865116,-23.21231369,0,0.842607975,353.9291992,306.7418213,104.2112579,5
"Gyps africanus Salvadori, 1865",31.51509234,-25.40217701,0,3.958026409,380.9455566,308.7565308,116.4743271,2
"Gyps africanus Salvadori, 1865",31.38915045,-22.73587813,0,2.019989014,476.9144287,302.1968994,162.6831512,5
"Gyps africanus Salvadori, 1865",31.13458009,-23.57009465,0,0.4534733,350.8965149,307.1149292,114.7271652,2
"Gyps africanus Salvadori, 1865",31.96758812,-25.19192739,0,1.119247079,199.5413818,305.2674561,103.5313873,2
"Gyps africanus Salvadori, 1865",31.39293827,-23.33539396,0,2.686801434,387.185791,306.2988586,116.8244858,3
"Gyps africanus Salvadori, 1865",31.0300628,-22.69534063,0,1.08970201,450.1376038,305.8030396,135.319046,1
"Gyps africanus Salvadori, 1865",31.51157159,-25.03717406,0,0.989506602,339.3414307,306.2020264,126.5181808,2
"Gyps africanus Salvadori, 1865",31.42695557,-23.22354386,0,1.552838683,335.4069824,304.3478699,138.9296112,1
"Gyps africanus Salvadori, 1865",31.25536946,-23.46519256,0,3.178001165,408.2516479,303.3683472,124.5526047,4
"Gyps africanus Salvadori, 1865",31.25370253,-24.03292154,0,2.199182749,341.1576233,305.5630188,126.2884293,1
"Gyps africanus Salvadori, 1865",31.1666622,-23.19341042,0,0.517692566,367.8785706,305.0939331,105.5065689,2
"Gyps africanus Salvadori, 1865",31.50412383,-25.21663255,0,1.484259844,400.0212097,306.8380737,130.7703094,2
"Gyps africanus Salvadori, 1865",31.25306274,-23.37899844,0,0.454130679,413.7449646,305.42276,123.2961655,3
"Gyps africanus Salvadori, 1865",31.70456085,-24.95698344,0,0.333907455,251.6387787,305.3582153,133.382019,2
"Gyps africanus Salvadori, 1865",31.38213196,-22.67090761,0,6.045786858,530.8977661,301.5764465,160.5851898,1
"Gyps africanus Salvadori, 1865",31.70336791,-23.97479104,0,4.231825352,285.2537231,305.3939209,126.9180603,2
"Gyps africanus Salvadori, 1865",31.38597991,-23.9443107,0,1.747937202,382.1407471,305.3556824,122.5852814,2
"Gyps africanus Salvadori, 1865",31.32884913,-25.0067932,0,0.742129922,420.8868408,306.4171143,144.4688721,1
"Gyps africanus Salvadori, 1865",31.91477548,-24.99485378,0,0.224207491,284.9737549,306.641449,144.4324646,1
"Gyps africanus Salvadori, 1865",31.44647857,-23.04487084,0,2.512877703,318.3501587,306.2197266,109.1344223,3
"Gyps africanus Salvadori, 1865",31.70991908,-25.26053455,0,1.82526195,298.4645081,307.0023193,123.2740173,3
"Gyps africanus Salvadori, 1865",31.84450523,-25.23924414,0,0,232.7422638,304.4685364,132.4104767,4
"Gyps africanus Salvadori, 1865",31.13349701,-23.27364587,0,1.609840751,425.9998779,309.782959,88.19882202,1
"Gyps africanus Salvadori, 1865",31.16145138,-23.14355669,0,0.742129922,374.4928894,307.3601074,108.0016403,5
"Gyps africanus Salvadori, 1865",31.47726218,-24.25547601,0,3.333292723,405.5813293,305.3844604,77.5058136,2
"Gyps africanus Salvadori, 1865",31.29019963,-23.31311392,0,3.937247276,432.8813782,306.2159424,99.43547821,1
"Gyps africanus Salvadori, 1865",31.09309527,-22.6150275,0,0.673328519,410.3719788,309.3145752,118.4031372,3
"Gyps africanus Salvadori, 1865",31.81458669,-24.54375565,0,2.156955481,314.1747437,305.9775696,100.1819534,4
"Gyps africanus Salvadori, 1865",31.59423403,-23.53895156,0,2.281335831,420.4801025,304.113739,147.5708313,5
"Gyps africanus Salvadori, 1865",31.1660545,-23.72112237,0,0.670784175,337.1246338,308.9204407,114.6396027,2
"Gyps africanus Salvadori, 1865",31.29168857,-22.88765562,0,1.367412925,365.7254639,307.3966675,151.6420288,3
"Gyps africanus Salvadori, 1865",31.48966879,-25.01682085,0,1.997985721,376.7779541,309.2716064,134.1652832,2
"Gyps africanus Salvadori, 1865",31.1469663,-23.38519682,0,0.335781991,407.8239136,308.598999,110.4415131,2
"Gyps africanus Salvadori, 1865",31.60578211,-24.32171434,0,1.832767367,370.5038452,306.5267639,108.5829391,3
"Gyps africanus Salvadori, 1865",31.38749794,-25.26348194,0,2.513911247,595.6511841,305.6956177,145.2350311,1
"Gyps africanus Salvadori, 1865",31.1843485,-22.86317073,0,2.01891923,390.0000916,307.1748352,119.3843918,5
"Gyps africanus Salvadori, 1865",31.60837157,-23.78676411,0,1.680369735,277.1642456,306.43927,130.2827759,4
"Gyps africanus Salvadori, 1865",31.67609803,-24.12373306,0,0.868710041,257.2175903,304.7411804,114.8255692,4
"Gyps africanus Salvadori, 1865",31.21785598,-22.66229095,0,0.844843328,432.6638794,306.4726257,119.8024979,2
"Gyps africanus Salvadori, 1865",31.25699982,-23.12574652,0,0,333.0345154,307.8425293,109.8597946,3
"Gyps africanus Salvadori, 1865",31.83376927,-25.15788083,0,2.491520882,276.2706299,304.2965698,133.2136993,2
"Gyps africanus Salvadori, 1865",31.79531261,-25.05881975,0,0.333784878,223.2523956,306.6948547,137.5569611,3
"Gyps africanus Salvadori, 1865",31.23571386,-22.76771891,0,2.915372849,402.1427612,313.4391174,115.6746674,2
"Gyps africanus Salvadori, 1865",31.66564489,-24.36423587,0,1.530502915,345.6514282,305.9603882,91.01712036,2
"Gyps africanus Salvadori, 1865",31.27799725,-22.43686173,0,0,211.7945557,309.5194397,103.7969513,3
"Gyps africanus Salvadori, 1865",31.84159224,-25.16822695,0,3.196233511,276.9411011,305.4797363,134.1482849,4
"Gyps africanus Salvadori, 1865",31.75083564,-24.13799923,0,2.059235811,284.3045959,309.4363708,106.3703308,2
"Gyps africanus Salvadori, 1865",31.36069556,-23.01371986,0,1.138444543,309.0001831,308.263092,116.9631577,5
"Gyps africanus Salvadori, 1865",31.57350314,-24.41027431,0,0.450524092,380.0203247,306.3484192,91.2051239,3
"Gyps africanus Salvadori, 1865",31.065488,-22.89099441,0,1.089440584,383.503418,308.1134033,135.0390472,2
"Gyps africanus Salvadori, 1865",31.68159476,-23.65697294,0,3.83072257,427.7319641,303.8797302,139.339859,4
"Gyps africanus Salvadori, 1865",31.61327282,-23.99718739,0,0.33506602,247.9916534,306.8368835,121.9312439,3
"Gyps africanus Salvadori, 1865",31.14662882,-23.58616942,0,2.385940313,370.6034851,307.8264771,114.4524536,1
"Gyps africanus Salvadori, 1865",31.68963962,-23.94169168,0,0.515429497,242.3490906,307.4979553,131.2446899,5
"Gyps africanus Salvadori, 1865",31.45267042,-23.47771551,0,1.007036448,362.3102722,306.9993286,119.1202469,3
"Gyps africanus Salvadori, 1865",31.26313785,-22.96709965,0,0.911070406,338.1595154,305.2072449,126.5898819,3
"Gyps africanus Salvadori, 1865",31.19690508,-23.55447621,0,3.265526772,390.967804,309.2496033,111.2189865,3
"Gyps africanus Salvadori, 1865",31.02688654,-22.7148907,0,1.413700104,484.8543091,305.0632935,143.7723083,2
"Gyps africanus Salvadori, 1865",31.37723223,-25.34308783,0,0.833458483,487.8982239,307.7567444,141.9274445,3
"Gyps africanus Salvadori, 1865",31.63838963,-24.53438427,0,3.339478493,397.3400879,308.8278503,100.6783142,3
"Gyps africanus Salvadori, 1865",31.29431393,-25.11787296,0,2.988997459,536.8338013,305.8279114,133.7629242,1
"Gyps africanus Salvadori, 1865",31.65023521,-23.84215328,0,0.670491636,260.4660034,307.4640503,121.3857727,3
"Gyps africanus Salvadori, 1865",31.40357948,-23.22755906,0,3.989356518,348.5934448,308.3148193,116.6304626,2
"Gyps africanus Salvadori, 1865",31.86562919,-25.33801937,0,1.824719191,219.4019928,308.6686707,97.6836319,1
"Gyps africanus Salvadori, 1865",31.21112957,-23.03609731,0,1.956443667,351.0723877,306.1670837,123.1603394,1
"Gyps africanus Salvadori, 1865",31.93666492,-25.01678127,0,0.834878266,232.1332855,308.1127625,138.4641724,1
"Gyps africanus Salvadori, 1865",31.54783408,-24.56531272,0,0.247376651,384.618866,309.5441284,110.6822586,4
"Gyps africanus Salvadori, 1865",31.14844656,-22.56058982,0,1.599128723,448.8708191,309.1861572,110.9151917,3
"Gyps africanus Salvadori, 1865",31.76042566,-24.76625019,0,2.725717306,352.8633423,308.1005249,133.0123138,2
"Gyps africanus Salvadori, 1865",31.33386307,-23.83929947,0,2.262699127,385.1563721,306.0517273,123.6335831,2
"Gyps africanus Salvadori, 1865",31.25243849,-23.48658548,0,2.475142241,411.2114868,306.0921021,114.7999573,1
"Gyps africanus Salvadori, 1865",31.8031302,-24.50362695,0,0.225095212,278.1940002,308.3600464,97.42277527,2
"Gyps africanus Salvadori, 1865",31.2475747,-22.62472019,0,2.18119216,455.5841064,306.7146912,128.6387024,1
"Gyps africanus Salvadori, 1865",31.87532693,-24.86162881,0,1.315830469,303.786377,307.1653748,128.9495544,5
"Gyps africanus Salvadori, 1865",31.35007972,-22.90299804,0,2.39650774,355.4477539,309.2524109,122.6087418,1
"Gyps africanus Salvadori, 1865",31.8216553,-24.59606586,0,4.334294796,323.4675293,306.1390076,109.0190811,5
"Gyps africanus Salvadori, 1865",31.21054494,-23.48912311,0,1.831822515,415.4147949,308.2842712,100.4393082,3
"Gyps africanus Salvadori, 1865",31.8374187,-24.39510691,0,0,239.9414978,306.4242249,96.06349945,3
"Gyps africanus Salvadori, 1865",31.70093665,-24.90520061,0,2.91685462,326.6316528,307.228302,140.9423218,3
"Gyps africanus Salvadori, 1865",31.46859518,-25.45466374,0,2.272428513,389.802063,308.1534424,129.8494568,3
"Gyps africanus Salvadori, 1865",31.72405173,-24.11396753,0,0.838825524,246.4613953,306.7579041,126.6789856,5
"Gyps africanus Salvadori, 1865",31.30735588,-23.90332502,0,5.350006104,422.8988953,305.7330933,130.8110809,5
"Gyps africanus Salvadori, 1865",31.06196244,-22.81658801,0,0.247376651,409.0299683,303.777771,135.221817,2
"Gyps africanus Salvadori, 1865",31.48096586,-23.86753539,0,1.991899371,343.1407776,306.6381836,117.6450958,1
"Gyps africanus Salvadori, 1865",31.71823983,-24.61374673,0,0.224899814,321.8823242,307.5747986,112.5658722,2
"Gyps africanus Salvadori, 1865",31.40730138,-23.3759284,0,3.271880865,387.1859436,307.4542847,118.9405823,1
"Gyps africanus Salvadori, 1865",31.68383053,-23.92537026,0,1.236883283,243.536438,308.2572327,117.9199982,4
"Gyps africanus Salvadori, 1865",31.09982472,-22.77277057,0,2.501529694,420.6980591,305.7351074,134.488327,1
"Gyps africanus Salvadori, 1865",31.08524449,-22.90940574,0,1.345338583,386.3836365,304.3627014,142.0516968,4
"Gyps africanus Salvadori, 1865",31.92719672,-24.63321103,0,2.730420113,274.659668,307.5361023,121.646759,1
"Gyps africanus Salvadori, 1865",31.59989346,-24.29911471,0,2.029139042,370.2527466,307.0370178,101.6260071,4
"Gyps africanus Salvadori, 1865",31.65665355,-23.95034498,0,2.887818336,284.9384766,307.1661377,121.4115448,3
"Gyps africanus Salvadori, 1865",31.53729805,-23.46505164,0,0.247376651,364.2950439,306.1118469,128.038208,5
"Gyps africanus Salvadori, 1865",31.76603768,-24.49030038,0,1.236883283,291.239502,307.0240173,89.89965057,1
"Gyps africanus Salvadori, 1865",31.43977535,-23.78000905,0,1.991920114,308.8994141,304.5319824,126.2375717,1
"Gyps africanus Salvadori, 1865",31.05870244,-22.95251318,0,2.515360832,413.9683838,305.6156311,145.3329773,3
"Gyps africanus Salvadori, 1865",31.70116033,-24.13243065,0,1.834336877,278.3529663,307.0450745,119.4089661,5
"Gyps africanus Salvadori, 1865",31.18598189,-23.30514547,0,2.736136675,416.2675476,309.4703064,96.89568329,3
"Gyps africanus Salvadori, 1865",31.33415586,-23.82588471,0,2.262931585,364.157196,306.995636,132.6023407,4
"Gyps africanus Salvadori, 1865",31.16071439,-22.90945014,0,0.494753301,347.7029114,306.2576294,134.6399078,4
"Gyps africanus Salvadori, 1865",31.32570833,-23.70653839,0,2.010850668,317.9601135,303.4543457,125.3771973,4
"Gyps africanus Salvadori, 1865",31.78109743,-24.28328236,0,1.004166484,281.7960815,307.6743469,92.43475342,3
"Gyps africanus Salvadori, 1865",31.68950363,-24.38882144,0,1.731636524,334.247406,306.2341309,94.45503998,4
"Gyps africanus Salvadori, 1865",31.30784614,-23.11961182,0,0.742129922,317.2242126,309.542572,98.9369812,5
"Gyps africanus Salvadori, 1865",31.6190992,-24.15739864,0,0.225711882,271.0019226,305.9520264,106.978508,1
"Gyps africanus Salvadori, 1865",31.09920722,-22.87819633,0,0.989506602,370.4781494,307.341217,132.2244415,2
"Gyps africanus Salvadori, 1865",31.72855147,-24.23717196,0,1.864119887,314.3894043,304.3123169,105.5215149,5
"Gyps africanus Salvadori, 1865",31.67435728,-24.12251236,0,0.543835282,253.4272003,304.3336792,114.7994614,5
"Gyps africanus Salvadori, 1865",31.362423,-23.51702817,0,0.335629702,345.575592,306.7955933,118.6641922,1
"Gyps africanus Salvadori, 1865",31.69271293,-24.83762722,0,2.918428183,367.5537415,305.3759766,126.2850876,5
"Gyps africanus Salvadori, 1865",31.89477321,-25.02875013,0,1.56902647,257.4093323,308.6372375,141.9235229,5
"Gyps africanus Salvadori, 1865",31.66982243,-23.91608588,0,0.839667559,229.040863,308.0432739,108.5048828,5
"Gyps africanus Salvadori, 1865",31.44922507,-24.08299757,0,0.494753301,306.6299744,306.5812683,114.6034088,4
"Gyps africanus Salvadori, 1865",31.28015391,-22.50974961,0,1.347146511,393.7859192,306.6400757,115.872345,1
"Gyps africanus Salvadori, 1865",31.25231107,-24.05471314,0,1.674948096,329.7657776,304.5651855,136.5442352,5
"Gyps africanus Salvadori, 1865",31.17178506,-23.83531586,0,2.051451206,415.6983337,307.1045227,127.0884399,2
"Gyps africanus Salvadori, 1865",31.33131013,-25.24160196,0,3.285250425,598.2434692,305.2306519,146.5062866,4
"Gyps africanus Salvadori, 1865",31.49687425,-24.42357586,0,0.334556967,417.7626648,307.8159485,88.71315765,5
"Gyps africanus Salvadori, 1865",31.69378133,-24.03330089,0,2.060527086,238.9520264,307.5954285,118.649437,4
"Gyps africanus Salvadori, 1865",31.58063211,-23.73424555,0,2.31793499,294.176178,305.3913574,136.0561981,3
"Gyps africanus Salvadori, 1865",31.71408337,-24.52180372,0,1.991771579,330.6890259,306.3355408,93.66438293,5
"Gyps africanus Salvadori, 1865",31.062213,-22.637074,0,0.673278451,401.8096619,307.0692444,133.2829742,3
"Gyps africanus Salvadori, 1865",31.72916157,-24.7323518,0,1.484259844,331.2152405,307.5891724,137.5525513,1
